,year,length,max_length2,SSGE
1,-240,110,110,Others
2,-239,0,110,Others
3,-238,0,110,Others
4,-237,0,110,Others
5,-236,0,110,Others
6,-235,0,110,Others
7,-234,0,110,Others
8,-233,0,110,Others
9,-232,0,110,Others
10,-231,0,110,Others
11,-230,0,110,Others
12,-229,0,110,Others
13,-228,0,110,Others
14,-227,0,110,Others
15,-226,0,110,Others
16,-225,0,110,Others
17,-224,0,110,Others
18,-223,0,110,Others
19,-222,0,110,Others
20,-221,0,110,Others
21,-220,0,110,Others
22,-219,0,110,Others
23,-218,0,110,Others
24,-217,0,110,Others
25,-216,0,110,Others
26,-215,0,110,Others
27,-214,0,110,Others
28,-213,0,110,Others
29,-212,0,110,Others
30,-211,0,110,Others
31,-210,0,110,Others
32,-209,0,110,Others
33,-208,0,110,Others
34,-207,0,110,Others
35,-206,0,110,Others
36,-205,0,110,Others
37,-204,0,110,Others
38,-203,0,110,Others
39,-202,0,110,Others
40,-201,0,110,Others
41,-200,115,115,Others
42,-199,0,115,Others
43,-198,0,115,Others
44,-197,0,115,Others
45,-196,0,115,Others
46,-195,0,115,Others
47,-194,0,115,Others
48,-193,0,115,Others
49,-192,0,115,Others
50,-191,0,115,Others
51,-190,0,115,Others
52,-189,0,115,Others
53,-188,0,115,Others
54,-187,0,115,Others
55,-186,0,115,Others
56,-185,0,115,Others
57,-184,0,115,Others
58,-183,0,115,Others
59,-182,0,115,Others
60,-181,0,115,Others
61,-180,0,115,Others
62,-179,0,115,Others
63,-178,0,115,Others
64,-177,0,115,Others
65,-176,0,115,Others
66,-175,0,115,Others
67,-174,0,115,Others
68,-173,0,115,Others
69,-172,0,115,Others
70,-171,0,115,Others
71,-170,0,115,Others
72,-169,0,115,Others
73,-168,0,115,Others
74,-167,0,115,Others
75,-166,0,115,Others
76,-165,0,115,Others
77,-164,0,115,Others
78,-163,0,115,Others
79,-162,0,115,Others
80,-161,0,115,Others
81,-160,0,115,Others
82,-159,0,115,Others
83,-158,0,115,Others
84,-157,0,115,Others
85,-156,0,115,Others
86,-155,0,115,Others
87,-154,0,115,Others
88,-153,0,115,Others
89,-152,0,115,Others
90,-151,0,115,Others
91,-150,0,115,Others
92,-149,0,115,Others
93,-148,0,115,Others
94,-147,0,115,Others
95,-146,0,115,Others
96,-145,0,115,Others
97,-144,0,115,Others
98,-143,0,115,Others
99,-142,0,115,Others
100,-141,0,115,Others
101,-140,0,115,Others
102,-139,0,115,Others
103,-138,0,115,Others
104,-137,0,115,Others
105,-136,0,115,Others
106,-135,0,115,Others
107,-134,0,115,Others
108,-133,0,115,Others
109,-132,0,115,Others
110,-131,0,115,Others
111,-130,0,115,Others
112,-129,0,115,Others
113,-128,0,115,Others
114,-127,0,115,Others
115,-126,0,115,Others
116,-125,0,115,Others
117,-124,0,115,Others
118,-123,0,115,Others
119,-122,0,115,Others
120,-121,0,115,Others
121,-120,0,115,Others
122,-119,0,115,Others
123,-118,0,115,Others
124,-117,0,115,Others
125,-116,0,115,Others
126,-115,0,115,Others
127,-114,0,115,Others
128,-113,0,115,Others
129,-112,0,115,Others
130,-111,0,115,Others
131,-110,0,115,Others
132,-109,0,115,Others
133,-108,0,115,Others
134,-107,0,115,Others
135,-106,0,115,Others
136,-105,0,115,Others
137,-104,0,115,Others
138,-103,0,115,Others
139,-102,0,115,Others
140,-101,0,115,Others
141,-100,0,115,Others
142,-99,0,115,Others
143,-98,0,115,Others
144,-97,0,115,Others
145,-96,0,115,Others
146,-95,0,115,Others
147,-94,0,115,Others
148,-93,0,115,Others
149,-92,0,115,Others
150,-91,0,115,Others
151,-90,0,115,Others
152,-89,0,115,Others
153,-88,0,115,Others
154,-87,0,115,Others
155,-86,0,115,Others
156,-85,0,115,Others
157,-84,0,115,Others
158,-83,0,115,Others
159,-82,0,115,Others
160,-81,0,115,Others
161,-80,0,115,Others
162,-79,0,115,Others
163,-78,0,115,Others
164,-77,0,115,Others
165,-76,0,115,Others
166,-75,0,115,Others
167,-74,0,115,Others
168,-73,0,115,Others
169,-72,0,115,Others
170,-71,0,115,Others
171,-70,0,115,Others
172,-69,0,115,Others
173,-68,0,115,Others
174,-67,0,115,Others
175,-66,0,115,Others
176,-65,0,115,Others
177,-64,0,115,Others
178,-63,0,115,Others
179,-62,0,115,Others
180,-61,0,115,Others
181,-60,0,115,Others
182,-59,0,115,Others
183,-58,0,115,Others
184,-57,0,115,Others
185,-56,0,115,Others
186,-55,0,115,Others
187,-54,0,115,Others
188,-53,0,115,Others
189,-52,0,115,Others
190,-51,0,115,Others
191,-50,0,115,Others
192,-49,0,115,Others
193,-48,0,115,Others
194,-47,0,115,Others
195,-46,0,115,Others
196,-45,0,115,Others
197,-44,0,115,Others
198,-43,0,115,Others
199,-42,0,115,Others
200,-41,0,115,Others
201,-40,0,115,Others
202,-39,0,115,Others
203,-38,0,115,Others
204,-37,0,115,Others
205,-36,0,115,Others
206,-35,0,115,Others
207,-34,0,115,Others
208,-33,0,115,Others
209,-32,0,115,Others
210,-31,0,115,Others
211,-30,0,115,Others
212,-29,0,115,Others
213,-28,0,115,Others
214,-27,0,115,Others
215,-26,0,115,Others
216,-25,0,115,Others
217,-24,0,115,Others
218,-23,0,115,Others
219,-22,0,115,Others
220,-21,0,115,Others
221,-20,0,115,Others
222,-19,0,115,Others
223,-18,0,115,Others
224,-17,0,115,Others
225,-16,0,115,Others
226,-15,0,115,Others
227,-14,0,115,Others
228,-13,0,115,Others
229,-12,0,115,Others
230,-11,0,115,Others
231,-10,0,115,Others
232,-9,0,115,Others
233,-8,0,115,Others
234,-7,0,115,Others
235,-6,0,115,Others
236,-5,0,115,Others
237,-4,0,115,Others
238,-3,0,115,Others
239,-2,0,115,Others
240,-1,0,115,Others
241,0,0,115,Others
242,1,0,115,Others
243,2,0,115,Others
244,3,0,115,Others
245,4,0,115,Others
246,5,0,115,Others
247,6,0,115,Others
248,7,0,115,Others
249,8,0,115,Others
250,9,0,115,Others
251,10,0,115,Others
252,11,0,115,Others
253,12,0,115,Others
254,13,0,115,Others
255,14,0,115,Others
256,15,0,115,Others
257,16,0,115,Others
258,17,0,115,Others
259,18,0,115,Others
260,19,0,115,Others
261,20,0,115,Others
262,21,0,115,Others
263,22,0,115,Others
264,23,0,115,Others
265,24,0,115,Others
266,25,0,115,Others
267,26,0,115,Others
268,27,0,115,Others
269,28,0,115,Others
270,29,0,115,Others
271,30,0,115,Others
272,31,0,115,Others
273,32,0,115,Others
274,33,0,115,Others
275,34,0,115,Others
276,35,0,115,Others
277,36,0,115,Others
278,37,0,115,Others
279,38,0,115,Others
280,39,0,115,Others
281,40,0,115,Others
282,41,0,115,Others
283,42,0,115,Others
284,43,0,115,Others
285,44,0,115,Others
286,45,0,115,Others
287,46,0,115,Others
288,47,0,115,Others
289,48,0,115,Others
290,49,0,115,Others
291,50,0,115,Others
292,51,0,115,Others
293,52,0,115,Others
294,53,0,115,Others
295,54,0,115,Others
296,55,0,115,Others
297,56,0,115,Others
298,57,0,115,Others
299,58,0,115,Others
300,59,0,115,Others
301,60,0,115,Others
302,61,0,115,Others
303,62,0,115,Others
304,63,0,115,Others
305,64,0,115,Others
306,65,0,115,Others
307,66,0,115,Others
308,67,0,115,Others
309,68,0,115,Others
310,69,0,115,Others
311,70,0,115,Others
312,71,0,115,Others
313,72,0,115,Others
314,73,0,115,Others
315,74,0,115,Others
316,75,0,115,Others
317,76,0,115,Others
318,77,0,115,Others
319,78,0,115,Others
320,79,0,115,Others
321,80,0,115,Others
322,81,0,115,Others
323,82,0,115,Others
324,83,0,115,Others
325,84,0,115,Others
326,85,0,115,Others
327,86,0,115,Others
328,87,0,115,Others
329,88,0,115,Others
330,89,0,115,Others
331,90,0,115,Others
332,91,0,115,Others
333,92,0,115,Others
334,93,0,115,Others
335,94,0,115,Others
336,95,0,115,Others
337,96,0,115,Others
338,97,0,115,Others
339,98,0,115,Others
340,99,0,115,Others
341,100,0,115,Others
342,101,0,115,Others
343,102,0,115,Others
344,103,0,115,Others
345,104,0,115,Others
346,105,0,115,Others
347,106,0,115,Others
348,107,0,115,Others
349,108,0,115,Others
350,109,0,115,Others
351,110,0,115,Others
352,111,0,115,Others
353,112,0,115,Others
354,113,0,115,Others
355,114,0,115,Others
356,115,0,115,Others
357,116,0,115,Others
358,117,0,115,Others
359,118,0,115,Others
360,119,0,115,Others
361,120,0,115,Others
362,121,0,115,Others
363,122,0,115,Others
364,123,0,115,Others
365,124,0,115,Others
366,125,0,115,Others
367,126,0,115,Others
368,127,0,115,Others
369,128,0,115,Others
370,129,0,115,Others
371,130,0,115,Others
372,131,0,115,Others
373,132,0,115,Others
374,133,0,115,Others
375,134,0,115,Others
376,135,0,115,Others
377,136,0,115,Others
378,137,0,115,Others
379,138,0,115,Others
380,139,0,115,Others
381,140,0,115,Others
382,141,0,115,Others
383,142,0,115,Others
384,143,0,115,Others
385,144,0,115,Others
386,145,0,115,Others
387,146,0,115,Others
388,147,0,115,Others
389,148,0,115,Others
390,149,0,115,Others
391,150,0,115,Others
392,151,0,115,Others
393,152,0,115,Others
394,153,0,115,Others
395,154,0,115,Others
396,155,0,115,Others
397,156,0,115,Others
398,157,0,115,Others
399,158,0,115,Others
400,159,0,115,Others
401,160,0,115,Others
402,161,0,115,Others
403,162,0,115,Others
404,163,0,115,Others
405,164,0,115,Others
406,165,0,115,Others
407,166,0,115,Others
408,167,0,115,Others
409,168,0,115,Others
410,169,0,115,Others
411,170,0,115,Others
412,171,0,115,Others
413,172,0,115,Others
414,173,0,115,Others
415,174,0,115,Others
416,175,0,115,Others
417,176,0,115,Others
418,177,0,115,Others
419,178,0,115,Others
420,179,0,115,Others
421,180,0,115,Others
422,181,0,115,Others
423,182,0,115,Others
424,183,0,115,Others
425,184,0,115,Others
426,185,0,115,Others
427,186,0,115,Others
428,187,0,115,Others
429,188,0,115,Others
430,189,0,115,Others
431,190,0,115,Others
432,191,0,115,Others
433,192,0,115,Others
434,193,0,115,Others
435,194,0,115,Others
436,195,0,115,Others
437,196,0,115,Others
438,197,0,115,Others
439,198,0,115,Others
440,199,0,115,Others
441,200,0,115,Others
442,201,0,115,Others
443,202,0,115,Others
444,203,0,115,Others
445,204,0,115,Others
446,205,0,115,Others
447,206,0,115,Others
448,207,0,115,Others
449,208,0,115,Others
450,209,0,115,Others
451,210,0,115,Others
452,211,0,115,Others
453,212,0,115,Others
454,213,0,115,Others
455,214,0,115,Others
456,215,0,115,Others
457,216,0,115,Others
458,217,0,115,Others
459,218,0,115,Others
460,219,0,115,Others
461,220,0,115,Others
462,221,0,115,Others
463,222,0,115,Others
464,223,0,115,Others
465,224,0,115,Others
466,225,0,115,Others
467,226,0,115,Others
468,227,0,115,Others
469,228,0,115,Others
470,229,0,115,Others
471,230,0,115,Others
472,231,0,115,Others
473,232,0,115,Others
474,233,0,115,Others
475,234,0,115,Others
476,235,0,115,Others
477,236,0,115,Others
478,237,0,115,Others
479,238,0,115,Others
480,239,0,115,Others
481,240,0,115,Others
482,241,0,115,Others
483,242,0,115,Others
484,243,0,115,Others
485,244,0,115,Others
486,245,0,115,Others
487,246,0,115,Others
488,247,0,115,Others
489,248,0,115,Others
490,249,0,115,Others
491,250,0,115,Others
492,251,0,115,Others
493,252,0,115,Others
494,253,0,115,Others
495,254,0,115,Others
496,255,0,115,Others
497,256,0,115,Others
498,257,0,115,Others
499,258,0,115,Others
500,259,0,115,Others
501,260,0,115,Others
502,261,0,115,Others
503,262,0,115,Others
504,263,0,115,Others
505,264,0,115,Others
506,265,0,115,Others
507,266,0,115,Others
508,267,0,115,Others
509,268,0,115,Others
510,269,0,115,Others
511,270,0,115,Others
512,271,0,115,Others
513,272,0,115,Others
514,273,0,115,Others
515,274,0,115,Others
516,275,0,115,Others
517,276,0,115,Others
518,277,0,115,Others
519,278,0,115,Others
520,279,0,115,Others
521,280,0,115,Others
522,281,0,115,Others
523,282,0,115,Others
524,283,0,115,Others
525,284,0,115,Others
526,285,0,115,Others
527,286,0,115,Others
528,287,0,115,Others
529,288,0,115,Others
530,289,0,115,Others
531,290,0,115,Others
532,291,0,115,Others
533,292,0,115,Others
534,293,0,115,Others
535,294,0,115,Others
536,295,0,115,Others
537,296,0,115,Others
538,297,0,115,Others
539,298,0,115,Others
540,299,0,115,Others
541,300,0,115,Others
542,301,0,115,Others
543,302,0,115,Others
544,303,0,115,Others
545,304,0,115,Others
546,305,0,115,Others
547,306,0,115,Others
548,307,0,115,Others
549,308,0,115,Others
550,309,0,115,Others
551,310,0,115,Others
552,311,0,115,Others
553,312,0,115,Others
554,313,0,115,Others
555,314,0,115,Others
556,315,0,115,Others
557,316,0,115,Others
558,317,0,115,Others
559,318,0,115,Others
560,319,0,115,Others
561,320,0,115,Others
562,321,0,115,Others
563,322,0,115,Others
564,323,0,115,Others
565,324,0,115,Others
566,325,0,115,Others
567,326,0,115,Others
568,327,0,115,Others
569,328,0,115,Others
570,329,0,115,Others
571,330,0,115,Others
572,331,0,115,Others
573,332,0,115,Others
574,333,0,115,Others
575,334,0,115,Others
576,335,0,115,Others
577,336,0,115,Others
578,337,0,115,Others
579,338,0,115,Others
580,339,0,115,Others
581,340,0,115,Others
582,341,0,115,Others
583,342,0,115,Others
584,343,0,115,Others
585,344,0,115,Others
586,345,0,115,Others
587,346,0,115,Others
588,347,0,115,Others
589,348,0,115,Others
590,349,0,115,Others
591,350,0,115,Others
592,351,0,115,Others
593,352,0,115,Others
594,353,0,115,Others
595,354,0,115,Others
596,355,0,115,Others
597,356,0,115,Others
598,357,0,115,Others
599,358,0,115,Others
600,359,0,115,Others
601,360,0,115,Others
602,361,0,115,Others
603,362,0,115,Others
604,363,0,115,Others
605,364,0,115,Others
606,365,0,115,Others
607,366,0,115,Others
608,367,0,115,Others
609,368,0,115,Others
610,369,0,115,Others
611,370,0,115,Others
612,371,0,115,Others
613,372,0,115,Others
614,373,0,115,Others
615,374,0,115,Others
616,375,0,115,Others
617,376,0,115,Others
618,377,0,115,Others
619,378,0,115,Others
620,379,0,115,Others
621,380,0,115,Others
622,381,0,115,Others
623,382,0,115,Others
624,383,0,115,Others
625,384,0,115,Others
626,385,0,115,Others
627,386,0,115,Others
628,387,0,115,Others
629,388,0,115,Others
630,389,0,115,Others
631,390,0,115,Others
632,391,0,115,Others
633,392,0,115,Others
634,393,0,115,Others
635,394,0,115,Others
636,395,0,115,Others
637,396,0,115,Others
638,397,0,115,Others
639,398,0,115,Others
640,399,0,115,Others
641,400,0,115,Others
642,401,0,115,Others
643,402,0,115,Others
644,403,0,115,Others
645,404,0,115,Others
646,405,0,115,Others
647,406,0,115,Others
648,407,0,115,Others
649,408,0,115,Others
650,409,0,115,Others
651,410,0,115,Others
652,411,0,115,Others
653,412,0,115,Others
654,413,0,115,Others
655,414,0,115,Others
656,415,0,115,Others
657,416,0,115,Others
658,417,0,115,Others
659,418,0,115,Others
660,419,0,115,Others
661,420,0,115,Others
662,421,0,115,Others
663,422,0,115,Others
664,423,0,115,Others
665,424,0,115,Others
666,425,0,115,Others
667,426,0,115,Others
668,427,0,115,Others
669,428,0,115,Others
670,429,0,115,Others
671,430,0,115,Others
672,431,0,115,Others
673,432,0,115,Others
674,433,0,115,Others
675,434,0,115,Others
676,435,0,115,Others
677,436,0,115,Others
678,437,0,115,Others
679,438,0,115,Others
680,439,0,115,Others
681,440,0,115,Others
682,441,0,115,Others
683,442,0,115,Others
684,443,0,115,Others
685,444,0,115,Others
686,445,0,115,Others
687,446,0,115,Others
688,447,0,115,Others
689,448,0,115,Others
690,449,0,115,Others
691,450,0,115,Others
692,451,0,115,Others
693,452,0,115,Others
694,453,0,115,Others
695,454,0,115,Others
696,455,0,115,Others
697,456,0,115,Others
698,457,0,115,Others
699,458,0,115,Others
700,459,0,115,Others
701,460,0,115,Others
702,461,0,115,Others
703,462,0,115,Others
704,463,0,115,Others
705,464,0,115,Others
706,465,0,115,Others
707,466,0,115,Others
708,467,0,115,Others
709,468,0,115,Others
710,469,0,115,Others
711,470,0,115,Others
712,471,0,115,Others
713,472,0,115,Others
714,473,0,115,Others
715,474,0,115,Others
716,475,0,115,Others
717,476,0,115,Others
718,477,0,115,Others
719,478,0,115,Others
720,479,0,115,Others
721,480,0,115,Others
722,481,0,115,Others
723,482,0,115,Others
724,483,0,115,Others
725,484,0,115,Others
726,485,0,115,Others
727,486,0,115,Others
728,487,0,115,Others
729,488,0,115,Others
730,489,0,115,Others
731,490,0,115,Others
732,491,0,115,Others
733,492,0,115,Others
734,493,0,115,Others
735,494,0,115,Others
736,495,0,115,Others
737,496,0,115,Others
738,497,0,115,Others
739,498,0,115,Others
740,499,0,115,Others
741,500,0,115,Others
742,501,0,115,Others
743,502,0,115,Others
744,503,0,115,Others
745,504,0,115,Others
746,505,0,115,Others
747,506,0,115,Others
748,507,0,115,Others
749,508,0,115,Others
750,509,0,115,Others
751,510,0,115,Others
752,511,0,115,Others
753,512,0,115,Others
754,513,0,115,Others
755,514,0,115,Others
756,515,0,115,Others
757,516,0,115,Others
758,517,0,115,Others
759,518,0,115,Others
760,519,0,115,Others
761,520,0,115,Others
762,521,0,115,Others
763,522,0,115,Others
764,523,0,115,Others
765,524,0,115,Others
766,525,0,115,Others
767,526,0,115,Others
768,527,0,115,Others
769,528,0,115,Others
770,529,0,115,Others
771,530,0,115,Others
772,531,0,115,Others
773,532,0,115,Others
774,533,0,115,Others
775,534,0,115,Others
776,535,0,115,Others
777,536,0,115,Others
778,537,0,115,Others
779,538,0,115,Others
780,539,0,115,Others
781,540,0,115,Others
782,541,0,115,Others
783,542,0,115,Others
784,543,0,115,Others
785,544,0,115,Others
786,545,0,115,Others
787,546,0,115,Others
788,547,0,115,Others
789,548,0,115,Others
790,549,0,115,Others
791,550,0,115,Others
792,551,0,115,Others
793,552,0,115,Others
794,553,0,115,Others
795,554,0,115,Others
796,555,0,115,Others
797,556,0,115,Others
798,557,0,115,Others
799,558,0,115,Others
800,559,0,115,Others
801,560,0,115,Others
802,561,0,115,Others
803,562,0,115,Others
804,563,0,115,Others
805,564,0,115,Others
806,565,0,115,Others
807,566,0,115,Others
808,567,0,115,Others
809,568,0,115,Others
810,569,0,115,Others
811,570,0,115,Others
812,571,0,115,Others
813,572,0,115,Others
814,573,0,115,Others
815,574,0,115,Others
816,575,0,115,Others
817,576,0,115,Others
818,577,0,115,Others
819,578,0,115,Others
820,579,0,115,Others
821,580,0,115,Others
822,581,0,115,Others
823,582,0,115,Others
824,583,0,115,Others
825,584,0,115,Others
826,585,0,115,Others
827,586,0,115,Others
828,587,0,115,Others
829,588,0,115,Others
830,589,0,115,Others
831,590,0,115,Others
832,591,0,115,Others
833,592,0,115,Others
834,593,0,115,Others
835,594,0,115,Others
836,595,0,115,Others
837,596,0,115,Others
838,597,0,115,Others
839,598,0,115,Others
840,599,0,115,Others
841,600,0,115,Others
842,601,0,115,Others
843,602,0,115,Others
844,603,0,115,Others
845,604,0,115,Others
846,605,0,115,Others
847,606,0,115,Others
848,607,0,115,Others
849,608,0,115,Others
850,609,0,115,Others
851,610,0,115,Others
852,611,0,115,Others
853,612,0,115,Others
854,613,0,115,Others
855,614,0,115,Others
856,615,0,115,Others
857,616,0,115,Others
858,617,0,115,Others
859,618,0,115,Others
860,619,0,115,Others
861,620,0,115,Others
862,621,0,115,Others
863,622,0,115,Others
864,623,0,115,Others
865,624,0,115,Others
866,625,0,115,Others
867,626,0,115,Others
868,627,0,115,Others
869,628,0,115,Others
870,629,0,115,Others
871,630,0,115,Others
872,631,0,115,Others
873,632,0,115,Others
874,633,0,115,Others
875,634,0,115,Others
876,635,0,115,Others
877,636,0,115,Others
878,637,0,115,Others
879,638,0,115,Others
880,639,0,115,Others
881,640,0,115,Others
882,641,0,115,Others
883,642,0,115,Others
884,643,0,115,Others
885,644,0,115,Others
886,645,0,115,Others
887,646,0,115,Others
888,647,0,115,Others
889,648,0,115,Others
890,649,0,115,Others
891,650,0,115,Others
892,651,0,115,Others
893,652,0,115,Others
894,653,0,115,Others
895,654,0,115,Others
896,655,0,115,Others
897,656,0,115,Others
898,657,0,115,Others
899,658,0,115,Others
900,659,0,115,Others
901,660,0,115,Others
902,661,0,115,Others
903,662,0,115,Others
904,663,0,115,Others
905,664,0,115,Others
906,665,0,115,Others
907,666,0,115,Others
908,667,0,115,Others
909,668,0,115,Others
910,669,0,115,Others
911,670,0,115,Others
912,671,0,115,Others
913,672,0,115,Others
914,673,0,115,Others
915,674,0,115,Others
916,675,0,115,Others
917,676,0,115,Others
918,677,0,115,Others
919,678,0,115,Others
920,679,0,115,Others
921,680,0,115,Others
922,681,0,115,Others
923,682,0,115,Others
924,683,0,115,Others
925,684,0,115,Others
926,685,0,115,Others
927,686,0,115,Others
928,687,0,115,Others
929,688,0,115,Others
930,689,0,115,Others
931,690,0,115,Others
932,691,0,115,Others
933,692,0,115,Others
934,693,0,115,Others
935,694,0,115,Others
936,695,0,115,Others
937,696,0,115,Others
938,697,0,115,Others
939,698,0,115,Others
940,699,0,115,Others
941,700,0,115,Others
942,701,0,115,Others
943,702,0,115,Others
944,703,0,115,Others
945,704,0,115,Others
946,705,0,115,Others
947,706,0,115,Others
948,707,0,115,Others
949,708,0,115,Others
950,709,0,115,Others
951,710,0,115,Others
952,711,0,115,Others
953,712,0,115,Others
954,713,0,115,Others
955,714,0,115,Others
956,715,0,115,Others
957,716,0,115,Others
958,717,0,115,Others
959,718,0,115,Others
960,719,0,115,Others
961,720,0,115,Others
962,721,0,115,Others
963,722,0,115,Others
964,723,0,115,Others
965,724,0,115,Others
966,725,0,115,Others
967,726,0,115,Others
968,727,0,115,Others
969,728,0,115,Others
970,729,0,115,Others
971,730,0,115,Others
972,731,0,115,Others
973,732,0,115,Others
974,733,0,115,Others
975,734,0,115,Others
976,735,0,115,Others
977,736,0,115,Others
978,737,0,115,Others
979,738,0,115,Others
980,739,0,115,Others
981,740,0,115,Others
982,741,0,115,Others
983,742,0,115,Others
984,743,0,115,Others
985,744,0,115,Others
986,745,0,115,Others
987,746,0,115,Others
988,747,0,115,Others
989,748,0,115,Others
990,749,0,115,Others
991,750,0,115,Others
992,751,0,115,Others
993,752,0,115,Others
994,753,0,115,Others
995,754,0,115,Others
996,755,0,115,Others
997,756,0,115,Others
998,757,0,115,Others
999,758,0,115,Others
1000,759,0,115,Others
1001,760,0,115,Others
1002,761,0,115,Others
1003,762,0,115,Others
1004,763,0,115,Others
1005,764,0,115,Others
1006,765,0,115,Others
1007,766,0,115,Others
1008,767,0,115,Others
1009,768,0,115,Others
1010,769,0,115,Others
1011,770,0,115,Others
1012,771,0,115,Others
1013,772,0,115,Others
1014,773,0,115,Others
1015,774,0,115,Others
1016,775,0,115,Others
1017,776,0,115,Others
1018,777,0,115,Others
1019,778,0,115,Others
1020,779,0,115,Others
1021,780,0,115,Others
1022,781,0,115,Others
1023,782,0,115,Others
1024,783,0,115,Others
1025,784,0,115,Others
1026,785,0,115,Others
1027,786,0,115,Others
1028,787,0,115,Others
1029,788,0,115,Others
1030,789,0,115,Others
1031,790,0,115,Others
1032,791,0,115,Others
1033,792,0,115,Others
1034,793,0,115,Others
1035,794,0,115,Others
1036,795,0,115,Others
1037,796,0,115,Others
1038,797,0,115,Others
1039,798,0,115,Others
1040,799,0,115,Others
1041,800,0,115,Others
1042,801,0,115,Others
1043,802,0,115,Others
1044,803,0,115,Others
1045,804,0,115,Others
1046,805,0,115,Others
1047,806,0,115,Others
1048,807,0,115,Others
1049,808,0,115,Others
1050,809,0,115,Others
1051,810,0,115,Others
1052,811,0,115,Others
1053,812,0,115,Others
1054,813,0,115,Others
1055,814,0,115,Others
1056,815,0,115,Others
1057,816,0,115,Others
1058,817,0,115,Others
1059,818,0,115,Others
1060,819,0,115,Others
1061,820,0,115,Others
1062,821,0,115,Others
1063,822,0,115,Others
1064,823,0,115,Others
1065,824,0,115,Others
1066,825,0,115,Others
1067,826,0,115,Others
1068,827,0,115,Others
1069,828,0,115,Others
1070,829,0,115,Others
1071,830,0,115,Others
1072,831,0,115,Others
1073,832,0,115,Others
1074,833,0,115,Others
1075,834,0,115,Others
1076,835,0,115,Others
1077,836,0,115,Others
1078,837,0,115,Others
1079,838,0,115,Others
1080,839,0,115,Others
1081,840,0,115,Others
1082,841,0,115,Others
1083,842,0,115,Others
1084,843,0,115,Others
1085,844,0,115,Others
1086,845,0,115,Others
1087,846,0,115,Others
1088,847,0,115,Others
1089,848,0,115,Others
1090,849,0,115,Others
1091,850,0,115,Others
1092,851,0,115,Others
1093,852,0,115,Others
1094,853,0,115,Others
1095,854,0,115,Others
1096,855,0,115,Others
1097,856,0,115,Others
1098,857,0,115,Others
1099,858,0,115,Others
1100,859,0,115,Others
1101,860,0,115,Others
1102,861,0,115,Others
1103,862,0,115,Others
1104,863,0,115,Others
1105,864,0,115,Others
1106,865,0,115,Others
1107,866,0,115,Others
1108,867,0,115,Others
1109,868,0,115,Others
1110,869,0,115,Others
1111,870,0,115,Others
1112,871,0,115,Others
1113,872,0,115,Others
1114,873,0,115,Others
1115,874,0,115,Others
1116,875,0,115,Others
1117,876,0,115,Others
1118,877,0,115,Others
1119,878,0,115,Others
1120,879,0,115,Others
1121,880,0,115,Others
1122,881,0,115,Others
1123,882,0,115,Others
1124,883,0,115,Others
1125,884,0,115,Others
1126,885,0,115,Others
1127,886,0,115,Others
1128,887,0,115,Others
1129,888,0,115,Others
1130,889,0,115,Others
1131,890,0,115,Others
1132,891,0,115,Others
1133,892,0,115,Others
1134,893,0,115,Others
1135,894,0,115,Others
1136,895,0,115,Others
1137,896,0,115,Others
1138,897,0,115,Others
1139,898,0,115,Others
1140,899,0,115,Others
1141,900,0,115,Others
1142,901,0,115,Others
1143,902,0,115,Others
1144,903,0,115,Others
1145,904,0,115,Others
1146,905,0,115,Others
1147,906,0,115,Others
1148,907,0,115,Others
1149,908,0,115,Others
1150,909,0,115,Others
1151,910,0,115,Others
1152,911,0,115,Others
1153,912,0,115,Others
1154,913,0,115,Others
1155,914,0,115,Others
1156,915,0,115,Others
1157,916,0,115,Others
1158,917,0,115,Others
1159,918,0,115,Others
1160,919,0,115,Others
1161,920,0,115,Others
1162,921,0,115,Others
1163,922,0,115,Others
1164,923,0,115,Others
1165,924,0,115,Others
1166,925,0,115,Others
1167,926,0,115,Others
1168,927,0,115,Others
1169,928,0,115,Others
1170,929,0,115,Others
1171,930,0,115,Others
1172,931,0,115,Others
1173,932,0,115,Others
1174,933,0,115,Others
1175,934,0,115,Others
1176,935,0,115,Others
1177,936,0,115,Others
1178,937,0,115,Others
1179,938,0,115,Others
1180,939,0,115,Others
1181,940,0,115,Others
1182,941,0,115,Others
1183,942,0,115,Others
1184,943,0,115,Others
1185,944,0,115,Others
1186,945,0,115,Others
1187,946,0,115,Others
1188,947,0,115,Others
1189,948,0,115,Others
1190,949,0,115,Others
1191,950,0,115,Others
1192,951,0,115,Others
1193,952,0,115,Others
1194,953,0,115,Others
1195,954,0,115,Others
1196,955,0,115,Others
1197,956,0,115,Others
1198,957,0,115,Others
1199,958,0,115,Others
1200,959,0,115,Others
1201,960,0,115,Others
1202,961,0,115,Others
1203,962,0,115,Others
1204,963,0,115,Others
1205,964,0,115,Others
1206,965,0,115,Others
1207,966,0,115,Others
1208,967,0,115,Others
1209,968,0,115,Others
1210,969,0,115,Others
1211,970,0,115,Others
1212,971,0,115,Others
1213,972,0,115,Others
1214,973,0,115,Others
1215,974,0,115,Others
1216,975,0,115,Others
1217,976,0,115,Others
1218,977,0,115,Others
1219,978,0,115,Others
1220,979,0,115,Others
1221,980,0,115,Others
1222,981,0,115,Others
1223,982,0,115,Others
1224,983,0,115,Others
1225,984,0,115,Others
1226,985,0,115,Others
1227,986,0,115,Others
1228,987,0,115,Others
1229,988,0,115,Others
1230,989,0,115,Others
1231,990,0,115,Others
1232,991,0,115,Others
1233,992,0,115,Others
1234,993,0,115,Others
1235,994,0,115,Others
1236,995,0,115,Others
1237,996,0,115,Others
1238,997,0,115,Others
1239,998,0,115,Others
1240,999,0,115,Others
1241,1000,0,115,Others
1242,1001,0,115,Others
1243,1002,0,115,Others
1244,1003,0,115,Others
1245,1004,0,115,Others
1246,1005,0,115,Others
1247,1006,0,115,Others
1248,1007,0,115,Others
1249,1008,0,115,Others
1250,1009,0,115,Others
1251,1010,0,115,Others
1252,1011,0,115,Others
1253,1012,0,115,Others
1254,1013,0,115,Others
1255,1014,0,115,Others
1256,1015,0,115,Others
1257,1016,0,115,Others
1258,1017,0,115,Others
1259,1018,0,115,Others
1260,1019,0,115,Others
1261,1020,0,115,Others
1262,1021,0,115,Others
1263,1022,0,115,Others
1264,1023,0,115,Others
1265,1024,0,115,Others
1266,1025,0,115,Others
1267,1026,0,115,Others
1268,1027,0,115,Others
1269,1028,0,115,Others
1270,1029,0,115,Others
1271,1030,0,115,Others
1272,1031,0,115,Others
1273,1032,0,115,Others
1274,1033,0,115,Others
1275,1034,0,115,Others
1276,1035,0,115,Others
1277,1036,0,115,Others
1278,1037,0,115,Others
1279,1038,0,115,Others
1280,1039,0,115,Others
1281,1040,0,115,Others
1282,1041,0,115,Others
1283,1042,0,115,Others
1284,1043,0,115,Others
1285,1044,0,115,Others
1286,1045,0,115,Others
1287,1046,0,115,Others
1288,1047,0,115,Others
1289,1048,0,115,Others
1290,1049,0,115,Others
1291,1050,0,115,Others
1292,1051,0,115,Others
1293,1052,0,115,Others
1294,1053,0,115,Others
1295,1054,0,115,Others
1296,1055,0,115,Others
1297,1056,0,115,Others
1298,1057,0,115,Others
1299,1058,0,115,Others
1300,1059,0,115,Others
1301,1060,0,115,Others
1302,1061,0,115,Others
1303,1062,0,115,Others
1304,1063,0,115,Others
1305,1064,0,115,Others
1306,1065,0,115,Others
1307,1066,0,115,Others
1308,1067,0,115,Others
1309,1068,0,115,Others
1310,1069,0,115,Others
1311,1070,0,115,Others
1312,1071,0,115,Others
1313,1072,0,115,Others
1314,1073,0,115,Others
1315,1074,0,115,Others
1316,1075,0,115,Others
1317,1076,0,115,Others
1318,1077,0,115,Others
1319,1078,0,115,Others
1320,1079,0,115,Others
1321,1080,0,115,Others
1322,1081,0,115,Others
1323,1082,0,115,Others
1324,1083,0,115,Others
1325,1084,0,115,Others
1326,1085,0,115,Others
1327,1086,0,115,Others
1328,1087,0,115,Others
1329,1088,0,115,Others
1330,1089,0,115,Others
1331,1090,0,115,Others
1332,1091,0,115,Others
1333,1092,0,115,Others
1334,1093,0,115,Others
1335,1094,0,115,Others
1336,1095,0,115,Others
1337,1096,0,115,Others
1338,1097,0,115,Others
1339,1098,0,115,Others
1340,1099,0,115,Others
1341,1100,0,115,Others
1342,1101,0,115,Others
1343,1102,0,115,Others
1344,1103,0,115,Others
1345,1104,0,115,Others
1346,1105,0,115,Others
1347,1106,0,115,Others
1348,1107,0,115,Others
1349,1108,0,115,Others
1350,1109,0,115,Others
1351,1110,0,115,Others
1352,1111,0,115,Others
1353,1112,0,115,Others
1354,1113,0,115,Others
1355,1114,0,115,Others
1356,1115,0,115,Others
1357,1116,0,115,Others
1358,1117,0,115,Others
1359,1118,0,115,Others
1360,1119,0,115,Others
1361,1120,0,115,Others
1362,1121,0,115,Others
1363,1122,0,115,Others
1364,1123,0,115,Others
1365,1124,0,115,Others
1366,1125,0,115,Others
1367,1126,0,115,Others
1368,1127,0,115,Others
1369,1128,0,115,Others
1370,1129,0,115,Others
1371,1130,0,115,Others
1372,1131,0,115,Others
1373,1132,0,115,Others
1374,1133,0,115,Others
1375,1134,0,115,Others
1376,1135,0,115,Others
1377,1136,0,115,Others
1378,1137,0,115,Others
1379,1138,0,115,Others
1380,1139,0,115,Others
1381,1140,0,115,Others
1382,1141,0,115,Others
1383,1142,0,115,Others
1384,1143,0,115,Others
1385,1144,0,115,Others
1386,1145,0,115,Others
1387,1146,0,115,Others
1388,1147,0,115,Others
1389,1148,0,115,Others
1390,1149,0,115,Others
1391,1150,0,115,Others
1392,1151,0,115,Others
1393,1152,0,115,Others
1394,1153,0,115,Others
1395,1154,0,115,Others
1396,1155,0,115,Others
1397,1156,0,115,Others
1398,1157,0,115,Others
1399,1158,0,115,Others
1400,1159,0,115,Others
1401,1160,0,115,Others
1402,1161,0,115,Others
1403,1162,0,115,Others
1404,1163,0,115,Others
1405,1164,0,115,Others
1406,1165,0,115,Others
1407,1166,0,115,Others
1408,1167,0,115,Others
1409,1168,0,115,Others
1410,1169,0,115,Others
1411,1170,0,115,Others
1412,1171,0,115,Others
1413,1172,0,115,Others
1414,1173,0,115,Others
1415,1174,0,115,Others
1416,1175,0,115,Others
1417,1176,0,115,Others
1418,1177,0,115,Others
1419,1178,0,115,Others
1420,1179,0,115,Others
1421,1180,0,115,Others
1422,1181,0,115,Others
1423,1182,0,115,Others
1424,1183,0,115,Others
1425,1184,0,115,Others
1426,1185,0,115,Others
1427,1186,0,115,Others
1428,1187,0,115,Others
1429,1188,0,115,Others
1430,1189,0,115,Others
1431,1190,0,115,Others
1432,1191,0,115,Others
1433,1192,0,115,Others
1434,1193,0,115,Others
1435,1194,0,115,Others
1436,1195,0,115,Others
1437,1196,0,115,Others
1438,1197,0,115,Others
1439,1198,0,115,Others
1440,1199,0,115,Others
1441,1200,0,115,Others
1442,1201,0,115,Others
1443,1202,0,115,Others
1444,1203,0,115,Others
1445,1204,0,115,Others
1446,1205,0,115,Others
1447,1206,0,115,Others
1448,1207,0,115,Others
1449,1208,0,115,Others
1450,1209,0,115,Others
1451,1210,0,115,Others
1452,1211,0,115,Others
1453,1212,0,115,Others
1454,1213,0,115,Others
1455,1214,0,115,Others
1456,1215,0,115,Others
1457,1216,0,115,Others
1458,1217,0,115,Others
1459,1218,0,115,Others
1460,1219,0,115,Others
1461,1220,0,115,Others
1462,1221,0,115,Others
1463,1222,0,115,Others
1464,1223,0,115,Others
1465,1224,0,115,Others
1466,1225,0,115,Others
1467,1226,0,115,Others
1468,1227,0,115,Others
1469,1228,0,115,Others
1470,1229,0,115,Others
1471,1230,0,115,Others
1472,1231,0,115,Others
1473,1232,0,115,Others
1474,1233,0,115,Others
1475,1234,0,115,Others
1476,1235,0,115,Others
1477,1236,0,115,Others
1478,1237,0,115,Others
1479,1238,0,115,Others
1480,1239,0,115,Others
1481,1240,0,115,Others
1482,1241,0,115,Others
1483,1242,0,115,Others
1484,1243,0,115,Others
1485,1244,0,115,Others
1486,1245,0,115,Others
1487,1246,0,115,Others
1488,1247,0,115,Others
1489,1248,0,115,Others
1490,1249,0,115,Others
1491,1250,0,115,Others
1492,1251,0,115,Others
1493,1252,0,115,Others
1494,1253,0,115,Others
1495,1254,0,115,Others
1496,1255,0,115,Others
1497,1256,0,115,Others
1498,1257,0,115,Others
1499,1258,0,115,Others
1500,1259,0,115,Others
1501,1260,0,115,Others
1502,1261,0,115,Others
1503,1262,0,115,Others
1504,1263,0,115,Others
1505,1264,0,115,Others
1506,1265,0,115,Others
1507,1266,0,115,Others
1508,1267,0,115,Others
1509,1268,0,115,Others
1510,1269,0,115,Others
1511,1270,0,115,Others
1512,1271,0,115,Others
1513,1272,0,115,Others
1514,1273,0,115,Others
1515,1274,0,115,Others
1516,1275,0,115,Others
1517,1276,0,115,Others
1518,1277,0,115,Others
1519,1278,0,115,Others
1520,1279,0,115,Others
1521,1280,0,115,Others
1522,1281,0,115,Others
1523,1282,0,115,Others
1524,1283,0,115,Others
1525,1284,0,115,Others
1526,1285,0,115,Others
1527,1286,0,115,Others
1528,1287,0,115,Others
1529,1288,0,115,Others
1530,1289,0,115,Others
1531,1290,0,115,Others
1532,1291,0,115,Others
1533,1292,0,115,Others
1534,1293,0,115,Others
1535,1294,0,115,Others
1536,1295,0,115,Others
1537,1296,0,115,Others
1538,1297,0,115,Others
1539,1298,0,115,Others
1540,1299,0,115,Others
1541,1300,0,115,Others
1542,1301,0,115,Others
1543,1302,0,115,Others
1544,1303,0,115,Others
1545,1304,0,115,Others
1546,1305,0,115,Others
1547,1306,0,115,Others
1548,1307,0,115,Others
1549,1308,0,115,Others
1550,1309,0,115,Others
1551,1310,0,115,Others
1552,1311,0,115,Others
1553,1312,0,115,Others
1554,1313,0,115,Others
1555,1314,0,115,Others
1556,1315,0,115,Others
1557,1316,0,115,Others
1558,1317,0,115,Others
1559,1318,0,115,Others
1560,1319,0,115,Others
1561,1320,0,115,Others
1562,1321,0,115,Others
1563,1322,0,115,Others
1564,1323,0,115,Others
1565,1324,0,115,Others
1566,1325,0,115,Others
1567,1326,0,115,Others
1568,1327,0,115,Others
1569,1328,0,115,Others
1570,1329,0,115,Others
1571,1330,0,115,Others
1572,1331,0,115,Others
1573,1332,0,115,Others
1574,1333,0,115,Others
1575,1334,0,115,Others
1576,1335,0,115,Others
1577,1336,0,115,Others
1578,1337,0,115,Others
1579,1338,0,115,Others
1580,1339,0,115,Others
1581,1340,0,115,Others
1582,1341,0,115,Others
1583,1342,0,115,Others
1584,1343,0,115,Others
1585,1344,0,115,Others
1586,1345,0,115,Others
1587,1346,0,115,Others
1588,1347,0,115,Others
1589,1348,0,115,Others
1590,1349,0,115,Others
1591,1350,0,115,Others
1592,1351,0,115,Others
1593,1352,0,115,Others
1594,1353,0,115,Others
1595,1354,0,115,Others
1596,1355,0,115,Others
1597,1356,0,115,Others
1598,1357,0,115,Others
1599,1358,0,115,Others
1600,1359,0,115,Others
1601,1360,0,115,Others
1602,1361,0,115,Others
1603,1362,0,115,Others
1604,1363,0,115,Others
1605,1364,0,115,Others
1606,1365,0,115,Others
1607,1366,0,115,Others
1608,1367,0,115,Others
1609,1368,0,115,Others
1610,1369,0,115,Others
1611,1370,0,115,Others
1612,1371,0,115,Others
1613,1372,0,115,Others
1614,1373,0,115,Others
1615,1374,0,115,Others
1616,1375,0,115,Others
1617,1376,0,115,Others
1618,1377,0,115,Others
1619,1378,0,115,Others
1620,1379,0,115,Others
1621,1380,0,115,Others
1622,1381,0,115,Others
1623,1382,0,115,Others
1624,1383,0,115,Others
1625,1384,0,115,Others
1626,1385,0,115,Others
1627,1386,0,115,Others
1628,1387,0,115,Others
1629,1388,0,115,Others
1630,1389,0,115,Others
1631,1390,0,115,Others
1632,1391,0,115,Others
1633,1392,0,115,Others
1634,1393,0,115,Others
1635,1394,0,115,Others
1636,1395,0,115,Others
1637,1396,0,115,Others
1638,1397,0,115,Others
1639,1398,0,115,Others
1640,1399,0,115,Others
1641,1400,0,115,Others
1642,1401,0,115,Others
1643,1402,0,115,Others
1644,1403,0,115,Others
1645,1404,0,115,Others
1646,1405,0,115,Others
1647,1406,0,115,Others
1648,1407,0,115,Others
1649,1408,0,115,Others
1650,1409,0,115,Others
1651,1410,0,115,Others
1652,1411,0,115,Others
1653,1412,0,115,Others
1654,1413,0,115,Others
1655,1414,0,115,Others
1656,1415,0,115,Others
1657,1416,0,115,Others
1658,1417,0,115,Others
1659,1418,0,115,Others
1660,1419,0,115,Others
1661,1420,0,115,Others
1662,1421,0,115,Others
1663,1422,0,115,Others
1664,1423,0,115,Others
1665,1424,0,115,Others
1666,1425,0,115,Others
1667,1426,0,115,Others
1668,1427,0,115,Others
1669,1428,0,115,Others
1670,1429,0,115,Others
1671,1430,0,115,Others
1672,1431,0,115,Others
1673,1432,0,115,Others
1674,1433,0,115,Others
1675,1434,0,115,Others
1676,1435,0,115,Others
1677,1436,0,115,Others
1678,1437,0,115,Others
1679,1438,0,115,Others
1680,1439,0,115,Others
1681,1440,0,115,Others
1682,1441,0,115,Others
1683,1442,0,115,Others
1684,1443,0,115,Others
1685,1444,0,115,Others
1686,1445,0,115,Others
1687,1446,0,115,Others
1688,1447,0,115,Others
1689,1448,0,115,Others
1690,1449,0,115,Others
1691,1450,0,115,Others
1692,1451,0,115,Others
1693,1452,0,115,Others
1694,1453,0,115,Others
1695,1454,0,115,Others
1696,1455,0,115,Others
1697,1456,0,115,Others
1698,1457,0,115,Others
1699,1458,0,115,Others
1700,1459,0,115,Others
1701,1460,0,115,Others
1702,1461,0,115,Others
1703,1462,0,115,Others
1704,1463,0,115,Others
1705,1464,0,115,Others
1706,1465,0,115,Others
1707,1466,0,115,Others
1708,1467,0,115,Others
1709,1468,0,115,Others
1710,1469,0,115,Others
1711,1470,0,115,Others
1712,1471,0,115,Others
1713,1472,0,115,Others
1714,1473,0,115,Others
1715,1474,0,115,Others
1716,1475,0,115,Others
1717,1476,0,115,Others
1718,1477,0,115,Others
1719,1478,0,115,Others
1720,1479,0,115,Others
1721,1480,0,115,Others
1722,1481,0,115,Others
1723,1482,0,115,Others
1724,1483,0,115,Others
1725,1484,0,115,Others
1726,1485,0,115,Others
1727,1486,0,115,Others
1728,1487,0,115,Others
1729,1488,0,115,Others
1730,1489,0,115,Others
1731,1490,0,115,Others
1732,1491,0,115,Others
1733,1492,0,115,Others
1734,1493,0,115,Others
1735,1494,0,115,Others
1736,1495,0,115,Others
1737,1496,0,115,Others
1738,1497,0,115,Others
1739,1498,0,115,Others
1740,1499,0,115,Others
1741,1500,92.5,115,Others
1742,1501,0,115,Others
1743,1502,0,115,Others
1744,1503,0,115,Others
1745,1504,0,115,Others
1746,1505,0,115,Others
1747,1506,0,115,Others
1748,1507,0,115,Others
1749,1508,0,115,Others
1750,1509,0,115,Others
1751,1510,0,115,Others
1752,1511,0,115,Others
1753,1512,0,115,Others
1754,1513,0,115,Others
1755,1514,0,115,Others
1756,1515,0,115,Others
1757,1516,0,115,Others
1758,1517,0,115,Others
1759,1518,0,115,Others
1760,1519,0,115,Others
1761,1520,0,115,Others
1762,1521,0,115,Others
1763,1522,0,115,Others
1764,1523,0,115,Others
1765,1524,0,115,Others
1766,1525,0,115,Others
1767,1526,0,115,Others
1768,1527,0,115,Others
1769,1528,0,115,Others
1770,1529,0,115,Others
1771,1530,0,115,Others
1772,1531,0,115,Others
1773,1532,0,115,Others
1774,1533,0,115,Others
1775,1534,0,115,Others
1776,1535,0,115,Others
1777,1536,0,115,Others
1778,1537,0,115,Others
1779,1538,0,115,Others
1780,1539,0,115,Others
1781,1540,0,115,Others
1782,1541,0,115,Others
1783,1542,0,115,Others
1784,1543,0,115,Others
1785,1544,0,115,Others
1786,1545,0,115,Others
1787,1546,0,115,Others
1788,1547,0,115,Others
1789,1548,0,115,Others
1790,1549,0,115,Others
1791,1550,0,115,Others
1792,1551,0,115,Others
1793,1552,0,115,Others
1794,1553,0,115,Others
1795,1554,0,115,Others
1796,1555,0,115,Others
1797,1556,0,115,Others
1798,1557,0,115,Others
1799,1558,0,115,Others
1800,1559,0,115,Others
1801,1560,0,115,Others
1802,1561,0,115,Others
1803,1562,0,115,Others
1804,1563,0,115,Others
1805,1564,0,115,Others
1806,1565,0,115,Others
1807,1566,0,115,Others
1808,1567,0,115,Others
1809,1568,0,115,Others
1810,1569,0,115,Others
1811,1570,0,115,Others
1812,1571,0,115,Others
1813,1572,0,115,Others
1814,1573,0,115,Others
1815,1574,0,115,Others
1816,1575,0,115,Others
1817,1576,0,115,Others
1818,1577,0,115,Others
1819,1578,0,115,Others
1820,1579,0,115,Others
1821,1580,0,115,Others
1822,1581,0,115,Others
1823,1582,0,115,Others
1824,1583,0,115,Others
1825,1584,0,115,Others
1826,1585,0,115,Others
1827,1586,0,115,Others
1828,1587,0,115,Others
1829,1588,0,115,Others
1830,1589,0,115,Others
1831,1590,0,115,Others
1832,1591,0,115,Others
1833,1592,0,115,Others
1834,1593,0,115,Others
1835,1594,0,115,Others
1836,1595,0,115,Others
1837,1596,0,115,Others
1838,1597,0,115,Others
1839,1598,0,115,Others
1840,1599,0,115,Others
1841,1600,0,115,Others
1842,1601,0,115,Others
1843,1602,0,115,Others
1844,1603,0,115,Others
1845,1604,0,115,Others
1846,1605,0,115,Others
1847,1606,0,115,Others
1848,1607,0,115,Others
1849,1608,0,115,Others
1850,1609,0,115,Others
1851,1610,0,115,Others
1852,1611,0,115,Others
1853,1612,0,115,Others
1854,1613,0,115,Others
1855,1614,0,115,Others
1856,1615,0,115,Others
1857,1616,0,115,Others
1858,1617,0,115,Others
1859,1618,0,115,Others
1860,1619,0,115,Others
1861,1620,0,115,Others
1862,1621,0,115,Others
1863,1622,0,115,Others
1864,1623,0,115,Others
1865,1624,0,115,Others
1866,1625,0,115,Others
1867,1626,0,115,Others
1868,1627,0,115,Others
1869,1628,0,115,Others
1870,1629,0,115,Others
1871,1630,0,115,Others
1872,1631,0,115,Others
1873,1632,0,115,Others
1874,1633,0,115,Others
1875,1634,0,115,Others
1876,1635,0,115,Others
1877,1636,0,115,Others
1878,1637,0,115,Others
1879,1638,0,115,Others
1880,1639,0,115,Others
1881,1640,0,115,Others
1882,1641,0,115,Others
1883,1642,0,115,Others
1884,1643,0,115,Others
1885,1644,0,115,Others
1886,1645,0,115,Others
1887,1646,0,115,Others
1888,1647,0,115,Others
1889,1648,0,115,Others
1890,1649,0,115,Others
1891,1650,0,115,Others
1892,1651,0,115,Others
1893,1652,0,115,Others
1894,1653,0,115,Others
1895,1654,0,115,Others
1896,1655,0,115,Others
1897,1656,0,115,Others
1898,1657,0,115,Others
1899,1658,0,115,Others
1900,1659,0,115,Others
1901,1660,0,115,Others
1902,1661,0,115,Others
1903,1662,0,115,Others
1904,1663,0,115,Others
1905,1664,0,115,Others
1906,1665,0,115,Others
1907,1666,0,115,Others
1908,1667,0,115,Others
1909,1668,0,115,Others
1910,1669,0,115,Others
1911,1670,0,115,Others
1912,1671,0,115,Others
1913,1672,0,115,Others
1914,1673,0,115,Others
1915,1674,0,115,Others
1916,1675,0,115,Others
1917,1676,0,115,Others
1918,1677,0,115,Others
1919,1678,0,115,Others
1920,1679,0,115,Others
1921,1680,0,115,Others
1922,1681,0,115,Others
1923,1682,0,115,Others
1924,1683,0,115,Others
1925,1684,0,115,Others
1926,1685,0,115,Others
1927,1686,0,115,Others
1928,1687,0,115,Others
1929,1688,0,115,Others
1930,1689,0,115,Others
1931,1690,0,115,Others
1932,1691,0,115,Others
1933,1692,0,115,Others
1934,1693,0,115,Others
1935,1694,0,115,Others
1936,1695,0,115,Others
1937,1696,0,115,Others
1938,1697,0,115,Others
1939,1698,0,115,Others
1940,1699,0,115,Others
1941,1700,0,115,Others
1942,1701,0,115,Others
1943,1702,0,115,Others
1944,1703,0,115,Others
1945,1704,0,115,Others
1946,1705,0,115,Others
1947,1706,0,115,Others
1948,1707,0,115,Others
1949,1708,0,115,Others
1950,1709,0,115,Others
1951,1710,0,115,Others
1952,1711,0,115,Others
1953,1712,0,115,Others
1954,1713,0,115,Others
1955,1714,0,115,Others
1956,1715,0,115,Others
1957,1716,0,115,Others
1958,1717,0,115,Others
1959,1718,0,115,Others
1960,1719,0,115,Others
1961,1720,0,115,Others
1962,1721,0,115,Others
1963,1722,0,115,Others
1964,1723,0,115,Others
1965,1724,0,115,Others
1966,1725,0,115,Others
1967,1726,0,115,Others
1968,1727,0,115,Others
1969,1728,0,115,Others
1970,1729,0,115,Others
1971,1730,0,115,Others
1972,1731,0,115,Others
1973,1732,0,115,Others
1974,1733,0,115,Others
1975,1734,0,115,Others
1976,1735,0,115,Others
1977,1736,0,115,Others
1978,1737,0,115,Others
1979,1738,0,115,Others
1980,1739,0,115,Others
1981,1740,0,115,Others
1982,1741,0,115,Others
1983,1742,0,115,Others
1984,1743,0,115,Others
1985,1744,0,115,Others
1986,1745,0,115,Others
1987,1746,0,115,Others
1988,1747,0,115,Others
1989,1748,0,115,Others
1990,1749,0,115,Others
1991,1750,0,115,Others
1992,1751,0,115,Others
1993,1752,0,115,Others
1994,1753,0,115,Others
1995,1754,0,115,Others
1996,1755,0,115,Others
1997,1756,0,115,Others
1998,1757,0,115,Others
1999,1758,0,115,Others
2000,1759,0,115,Others
2001,1760,0,115,Others
2002,1761,0,115,Others
2003,1762,0,115,Others
2004,1763,0,115,Others
2005,1764,0,115,Others
2006,1765,0,115,Others
2007,1766,0,115,Others
2008,1767,0,115,Others
2009,1768,0,115,Others
2010,1769,0,115,Others
2011,1770,0,115,Others
2012,1771,0,115,Others
2013,1772,0,115,Others
2014,1773,0,115,Others
2015,1774,0,115,Others
2016,1775,0,115,Others
2017,1776,0,115,Others
2018,1777,0,115,Others
2019,1778,0,115,Others
2020,1779,0,115,Others
2021,1780,0,115,Others
2022,1781,0,115,Others
2023,1782,0,115,Others
2024,1783,0,115,Others
2025,1784,0,115,Others
2026,1785,0,115,Others
2027,1786,0,115,Others
2028,1787,0,115,Others
2029,1788,0,115,Others
2030,1789,0,115,Others
2031,1790,0,115,Others
2032,1791,0,115,Others
2033,1792,0,115,Others
2034,1793,0,115,Others
2035,1794,0,115,Others
2036,1795,0,115,Others
2037,1796,0,115,Others
2038,1797,0,115,Others
2039,1798,0,115,Others
2040,1799,0,115,Others
2041,1800,0,115,Others
2042,1801,0,115,Others
2043,1802,0,115,Others
2044,1803,0,115,Others
2045,1804,0,115,Others
2046,1805,0,115,Others
2047,1806,0,115,Others
2048,1807,0,115,Others
2049,1808,0,115,Others
2050,1809,0,115,Others
2051,1810,0,115,Others
2052,1811,0,115,Others
2053,1812,0,115,Others
2054,1813,0,115,Others
2055,1814,0,115,Others
2056,1815,0,115,Others
2057,1816,0,115,Others
2058,1817,0,115,Others
2059,1818,0,115,Others
2060,1819,0,115,Others
2061,1820,0,115,Others
2062,1821,0,115,Others
2063,1822,0,115,Others
2064,1823,0,115,Others
2065,1824,0,115,Others
2066,1825,0,115,Others
2067,1826,0,115,Others
2068,1827,0,115,Others
2069,1828,0,115,Others
2070,1829,0,115,Others
2071,1830,0,115,Others
2072,1831,49,115,Others
2073,1832,0,115,Others
2074,1833,0,115,Others
2075,1834,0,115,Others
2076,1835,0,115,Others
2077,1836,0,115,Others
2078,1837,76.8,115,Others
2079,1838,0,115,Others
2080,1839,74,115,Others
2081,1840,98,115,Others
2082,1841,0,115,Others
2083,1842,0,115,Others
2084,1843,0,115,Others
2085,1844,0,115,Others
2086,1845,100,115,Others
2087,1846,0,115,Others
2088,1847,0,115,Others
2089,1848,0,115,Others
2090,1849,0,115,Others
2091,1850,0,115,Others
2092,1851,0,115,Others
2093,1852,0,115,Others
2094,1853,0,115,Others
2095,1854,110,115,Others
2096,1855,0,115,Others
2097,1856,0,115,Others
2098,1857,0,115,Others
2099,1858,211,211,SS Great Eastern
2100,1859,0,211,SS Great Eastern
2101,1860,0,211,SS Great Eastern
2102,1861,0,211,SS Great Eastern
2103,1862,0,211,SS Great Eastern
2104,1863,0,211,SS Great Eastern
2105,1864,0,211,SS Great Eastern
2106,1865,0,211,SS Great Eastern
2107,1866,0,211,SS Great Eastern
2108,1867,0,211,SS Great Eastern
2109,1868,0,211,SS Great Eastern
2110,1869,0,211,SS Great Eastern
2111,1870,0,211,SS Great Eastern
2112,1871,138,211,SS Great Eastern
2113,1872,0,211,SS Great Eastern
2114,1873,135.5,211,SS Great Eastern
2115,1874,0,211,SS Great Eastern
2116,1875,148.9,211,SS Great Eastern
2117,1876,0,211,SS Great Eastern
2118,1877,0,211,SS Great Eastern
2119,1878,0,211,SS Great Eastern
2120,1879,0,211,SS Great Eastern
2121,1880,0,211,SS Great Eastern
2122,1881,170.7,211,SS Great Eastern
2123,1882,0,211,SS Great Eastern
2124,1883,0,211,SS Great Eastern
2125,1884,0,211,SS Great Eastern
2126,1885,0,211,SS Great Eastern
2127,1886,0,211,SS Great Eastern
2128,1887,0,211,SS Great Eastern
2129,1888,170,211,SS Great Eastern
2130,1889,0,211,SS Great Eastern
2131,1890,0,211,SS Great Eastern
2132,1891,0,211,SS Great Eastern
2133,1892,0,211,SS Great Eastern
2134,1893,190,211,SS Great Eastern
2135,1894,0,211,SS Great Eastern
2136,1895,0,211,SS Great Eastern
2137,1896,0,211,SS Great Eastern
2138,1897,200,211,SS Great Eastern
2139,1898,0,211,SS Great Eastern
2140,1899,215,215,Others
2141,1900,0,215,Others
2142,1901,214,215,Others
2143,1902,0,215,Others
2144,1903,210,215,Others
2145,1904,222,222,Others
2146,1905,0,222,Others
2147,1906,206.5,222,Others
2148,1907,240,240,Others
2149,1908,0,240,Others
2150,1909,0,240,Others
2151,1910,0,240,Others
2152,1911,269,269,Others
2153,1912,269,269,Others
2154,1913,276,276,Others
2155,1914,290,290,Others
2156,1915,0,290,Others
2157,1916,0,290,Others
2158,1917,0,290,Others
2159,1918,0,290,Others
2160,1919,0,290,Others
2161,1920,0,290,Others
2162,1921,0,290,Others
2163,1922,291,291,Others
2164,1923,0,291,Others
2165,1924,0,291,Others
2166,1925,0,291,Others
2167,1926,0,291,Others
2168,1927,0,291,Others
2169,1928,0,291,Others
2170,1929,0,291,Others
2171,1930,0,291,Others
2172,1931,0,291,Others
2173,1932,0,291,Others
2174,1933,0,291,Others
2175,1934,0,291,Others
2176,1935,314,314,Others
2177,1936,310.7,314,Others
2178,1937,0,314,Others
2179,1938,0,314,Others
2180,1939,0,314,Others
2181,1940,0,314,Others
2182,1941,0,314,Others
2183,1942,0,314,Others
2184,1943,0,314,Others
2185,1944,0,314,Others
2186,1945,0,314,Others
2187,1946,314,314,Others
2188,1947,0,314,Others
2189,1948,0,314,Others
2190,1949,0,314,Others
2191,1950,0,314,Others
2192,1951,0,314,Others
2193,1952,0,314,Others
2194,1953,0,314,Others
2195,1954,0,314,Others
2196,1955,0,314,Others
2197,1956,0,314,Others
2198,1957,0,314,Others
2199,1958,0,314,Others
2200,1959,0,314,Others
2201,1960,0,314,Others
2202,1961,0,314,Others
2203,1962,315,315,Others
2204,1963,0,315,Others
2205,1964,0,315,Others
2206,1965,0,315,Others
2207,1966,0,315,Others
2208,1967,0,315,Others
2209,1968,0,315,Others
2210,1969,0,315,Others
2211,1970,0,315,Others
2212,1971,0,315,Others
2213,1972,0,315,Others
2214,1973,0,315,Others
2215,1974,0,315,Others
2216,1975,0,315,Others
2217,1976,0,315,Others
2218,1977,0,315,Others
2219,1978,0,315,Others
2220,1979,0,315,Others
2221,1980,0,315,Others
2222,1981,0,315,Others
2223,1982,0,315,Others
2224,1983,0,315,Others
2225,1984,0,315,Others
2226,1985,0,315,Others
2227,1986,0,315,Others
2228,1987,270,315,Others
2229,1988,0,315,Others
2230,1989,0,315,Others
2231,1990,0,315,Others
2232,1991,0,315,Others
2233,1992,0,315,Others
2234,1993,0,315,Others
2235,1994,0,315,Others
2236,1995,261,315,Others
2237,1996,0,315,Others
2238,1997,0,315,Others
2239,1998,272,315,Others
2240,1999,310,315,Others
2241,2000,310,315,Others
2242,2001,0,315,Others
2243,2002,311,315,Others
2244,2003,345,345,Others
2245,2004,0,345,Others
2246,2005,0,345,Others
2247,2006,338,345,Others
2248,2007,0,345,Others
2249,2008,0,345,Others
2250,2009,360,360,Others
2251,2010,0,360,Others
2252,2011,0,360,Others
2253,2012,0,360,Others
2254,2013,0,360,Others
2255,2014,0,360,Others
2256,2015,0,360,Others
2257,2016,362,362,Others
2258,2017,0,362,Others
2259,2018,361,362,Others
